Arama terimi,Maliyet,Dönüşümler,Tıklamalar,Gösterimler
akü satış istanbul,45230.50,298,1245,23456
acil akü servisi,38245.80,245,1087,19876
en iyi akü,52340.90,356,1432,26789
akü fiyat,34567.20,198,987,18765
akü yakın,41234.60,267,1156,21345
bosch akü,29876.40,189,876,16543
varta akü,38765.30,234,1098,20123
akü değişim,45678.90,298,1287,23456
akü servisi,32456.70,198,945,18234
akü montaj,34567.80,223,1023,19567
akü test,51234.50,334,1345,24567
akü şarj,29876.50,189,876,16543
akü garantili,26789.40,156,789,14567
akü ucuz,23456.70,134,678,12890
akü kaliteli,34567.80,223,1023,19567
akü marka,29876.40,189,876,16543
akü model,38765.30,234,1098,20123
akü kapasite,45678.90,298,1287,23456
akü voltaj,32456.70,198,945,18234
akü amper,34567.80,223,1023,19567

